condition_ratio_recovered_over_true,n_obs,obs_noise,recovered_condition_number,recovered_rank,recovered_weakest_singular_value,recovered_xi_distance_to_true,seed,true_condition_number,true_rank,true_weakest_singular_value,truth_id,weakest_sv_ratio_recovered_over_true
0.9796645993427517,200,0.005,7.379125389394038,3,0.09954927648648243,4.1310632384359245,202,7.532297680598674,3,0.10522218636873755,456,0.9460863713440135
0.9345456167851635,200,0.005,6.814226890513449,3,0.10699628347834629,4.178058108388654,303,7.291486652042077,3,0.10969788925117309,456,0.9753723085168851
0.9917960618050748,200,0.005,6.9363177748372316,3,0.10749415028033209,4.444121484462973,404,6.99369360492629,3,0.11511354837560762,456,0.9338097191616928
1.009732904922293,200,0.02,7.605608817770349,3,0.09840130301965551,4.265168091361258,202,7.532297680598674,3,0.10522218636873755,456,0.935176376917515
0.9460464713832728,200,0.02,6.898085218302641,3,0.10531625276809625,4.1599448184729715,303,7.291486652042077,3,0.10969788925117309,456,0.9600572398157609
0.9899703475917426,200,0.02,6.923549289019027,3,0.10706669798626188,4.585634769503269,404,6.99369360492629,3,0.11511354837560762,456,0.9300964091291025
