{
  "manifest": {
    "created_at": "2026-05-29T00:10:06",
    "truths": [
      "123",
      "456",
      "789"
    ],
    "densities": [
      200
    ],
    "noises": [
      0.005,
      0.02
    ],
    "seeds": [
      202,
      303,
      404
    ],
    "output_root": "outputs/cg_seed_audit/fdm_kle",
    "settings": {
      "solve_N": 81,
      "closed_loop_N": 201,
      "maxiter": 80,
      "n_random_starts": 2
    }
  },
  "aggregate": {
    "n_cases": 18,
    "n_ok": 18,
    "n_failed": 0,
    "weak_pass_count": 18,
    "strong_pass_count": 15,
    "by_noise": [
      {
        "obs_noise": 0.005,
        "n_cases": 9,
        "weak_pass_count": 9,
        "strong_pass_count": 9,
        "median_logK_rmse": 0.017097965404998854,
        "median_h_rmse": 0.0007337350554778641
      },
      {
        "obs_noise": 0.02,
        "n_cases": 9,
        "weak_pass_count": 9,
        "strong_pass_count": 6,
        "median_logK_rmse": 0.06923308472512144,
        "median_h_rmse": 0.0024542092409974257
      }
    ],
    "by_density": [
      {
        "n_obs": 200,
        "n_cases": 18,
        "weak_pass_count": 18,
        "strong_pass_count": 15,
        "median_logK_rmse": 0.03430385894589607,
        "median_h_rmse": 0.0014582298465996481
      }
    ],
    "by_truth": [
      {
        "truth_id": "123",
        "n_cases": 6,
        "weak_pass_count": 6,
        "strong_pass_count": 5,
        "median_logK_rmse": 0.0396033920812391,
        "median_h_rmse": 0.0015797952729828361
      },
      {
        "truth_id": "456",
        "n_cases": 6,
        "weak_pass_count": 6,
        "strong_pass_count": 5,
        "median_logK_rmse": 0.03643755005134792,
        "median_h_rmse": 0.0014582298465996481
      },
      {
        "truth_id": "789",
        "n_cases": 6,
        "weak_pass_count": 6,
        "strong_pass_count": 5,
        "median_logK_rmse": 0.03333360723733536,
        "median_h_rmse": 0.0015543708071704746
      }
    ]
  },
  "rows": [
    {
      "status": "ok",
      "truth_id": "123",
      "n_obs": 200,
      "obs_noise": 0.005,
      "seed": 202,
      "case_id": "truth_123_obs_200_noise_005_seed_202",
      "output_dir": "outputs/cg_seed_audit/fdm_kle/truth_123/obs_200/noise_005/seed_202",
      "best_start": "zero",
      "nfev": 636,
      "runtime_sec": 27.063974857330322,
      "obs_rmse": 0.004948522044807985,
      "h_rmse": 0.0007337350554778641,
      "logK_rmse": 0.02033368921426773,
      "xi_corr": 0.9998291161711529,
      "xi_distance": 0.07744566761505976,
      "weak_pass": true,
      "strong_pass": true,
      "failure_reason": ""
    },
    {
      "status": "ok",
      "truth_id": "123",
      "n_obs": 200,
      "obs_noise": 0.005,
      "seed": 303,
      "case_id": "truth_123_obs_200_noise_005_seed_303",
      "output_dir": "outputs/cg_seed_audit/fdm_kle/truth_123/obs_200/noise_005/seed_303",
      "best_start": "random_02",
      "nfev": 1102,
      "runtime_sec": 45.888368129730225,
      "obs_rmse": 0.004920825226008625,
      "h_rmse": 0.0010114395467269409,
      "logK_rmse": 0.015403603378103061,
      "xi_corr": 0.9999348600982667,
      "xi_distance": 0.04866030308088969,
      "weak_pass": true,
      "strong_pass": true,
      "failure_reason": ""
    },
    {
      "status": "ok",
      "truth_id": "123",
      "n_obs": 200,
      "obs_noise": 0.005,
      "seed": 404,
      "case_id": "truth_123_obs_200_noise_005_seed_404",
      "output_dir": "outputs/cg_seed_audit/fdm_kle/truth_123/obs_200/noise_005/seed_404",
      "best_start": "random_01",
      "nfev": 677,
      "runtime_sec": 29.00441598892212,
      "obs_rmse": 0.004818093898511387,
      "h_rmse": 0.0006262492832766372,
      "logK_rmse": 0.020364093472845568,
      "xi_corr": 0.9996992278914157,
      "xi_distance": 0.07254569566047993,
      "weak_pass": true,
      "strong_pass": true,
      "failure_reason": ""
    },
    {
      "status": "ok",
      "truth_id": "123",
      "n_obs": 200,
      "obs_noise": 0.02,
      "seed": 202,
      "case_id": "truth_123_obs_200_noise_02_seed_202",
      "output_dir": "outputs/cg_seed_audit/fdm_kle/truth_123/obs_200/noise_02/seed_202",
      "best_start": "zero",
      "nfev": 609,
      "runtime_sec": 26.06973886489868,
      "obs_rmse": 0.019764169080510513,
      "h_rmse": 0.0024542092409974257,
      "logK_rmse": 0.08148846369850783,
      "xi_corr": 0.9973033784929776,
      "xi_distance": 0.31050979522157385,
      "weak_pass": true,
      "strong_pass": true,
      "failure_reason": ""
    },
    {
      "status": "ok",
      "truth_id": "123",
      "n_obs": 200,
      "obs_noise": 0.02,
      "seed": 303,
      "case_id": "truth_123_obs_200_noise_02_seed_303",
      "output_dir": "outputs/cg_seed_audit/fdm_kle/truth_123/obs_200/noise_02/seed_303",
      "best_start": "random_02",
      "nfev": 1078,
      "runtime_sec": 45.5907039642334,
      "obs_rmse": 0.01965022481040747,
      "h_rmse": 0.003229839356614263,
      "logK_rmse": 0.058842690689632625,
      "xi_corr": 0.9989910339309284,
      "xi_distance": 0.18464781224671034,
      "weak_pass": true,
      "strong_pass": false,
      "failure_reason": ""
    },
    {
      "status": "ok",
      "truth_id": "123",
      "n_obs": 200,
      "obs_noise": 0.02,
      "seed": 404,
      "case_id": "truth_123_obs_200_noise_02_seed_404",
      "output_dir": "outputs/cg_seed_audit/fdm_kle/truth_123/obs_200/noise_02/seed_404",
      "best_start": "random_01",
      "nfev": 670,
      "runtime_sec": 28.2582368850708,
      "obs_rmse": 0.01924156516937919,
      "h_rmse": 0.0021481509992387314,
      "logK_rmse": 0.07960373201850533,
      "xi_corr": 0.9956911584534763,
      "xi_distance": 0.2837377209849072,
      "weak_pass": true,
      "strong_pass": true,
      "failure_reason": ""
    },
    {
      "status": "ok",
      "truth_id": "456",
      "n_obs": 200,
      "obs_noise": 0.005,
      "seed": 202,
      "case_id": "truth_456_obs_200_noise_005_seed_202",
      "output_dir": "outputs/cg_seed_audit/fdm_kle/truth_456/obs_200/noise_005/seed_202",
      "best_start": "random_01",
      "nfev": 794,
      "runtime_sec": 33.48332595825195,
      "obs_rmse": 0.0049640301863784165,
      "h_rmse": 0.0008748338723262951,
      "logK_rmse": 0.01721571254872939,
      "xi_corr": 0.9998667740705484,
      "xi_distance": 0.06554495372717775,
      "weak_pass": true,
      "strong_pass": true,
      "failure_reason": ""
    },
    {
      "status": "ok",
      "truth_id": "456",
      "n_obs": 200,
      "obs_noise": 0.005,
      "seed": 303,
      "case_id": "truth_456_obs_200_noise_005_seed_303",
      "output_dir": "outputs/cg_seed_audit/fdm_kle/truth_456/obs_200/noise_005/seed_303",
      "best_start": "zero",
      "nfev": 958,
      "runtime_sec": 40.26339101791382,
      "obs_rmse": 0.004944817944209546,
      "h_rmse": 0.0011401377163968982,
      "logK_rmse": 0.014684734995454527,
      "xi_corr": 0.9998450458715545,
      "xi_distance": 0.051109477430837456,
      "weak_pass": true,
      "strong_pass": true,
      "failure_reason": ""
    },
    {
      "status": "ok",
      "truth_id": "456",
      "n_obs": 200,
      "obs_noise": 0.005,
      "seed": 404,
      "case_id": "truth_456_obs_200_noise_005_seed_404",
      "output_dir": "outputs/cg_seed_audit/fdm_kle/truth_456/obs_200/noise_005/seed_404",
      "best_start": "random_02",
      "nfev": 1001,
      "runtime_sec": 42.91765904426575,
      "obs_rmse": 0.004844405555100733,
      "h_rmse": 0.0006362116894384106,
      "logK_rmse": 0.013562935234234266,
      "xi_corr": 0.9998739061482246,
      "xi_distance": 0.04862132171147184,
      "weak_pass": true,
      "strong_pass": true,
      "failure_reason": ""
    },
    {
      "status": "ok",
      "truth_id": "456",
      "n_obs": 200,
      "obs_noise": 0.02,
      "seed": 202,
      "case_id": "truth_456_obs_200_noise_02_seed_202",